It's Only the Himalayas,http://books.toscrape.com/catalogue/its-only-the-himalayas_981/index.html,49.43
Full Moon over Noah’s ...,http://books.toscrape.com/catalogue/full-moon-over-noahs-ark-an-odyssey-to-mount-ararat-and-beyond_811/index.html,48.87
See America: A Celebration ...,http://books.toscrape.com/catalogue/see-america-a-celebration-of-our-national-parks-treasured-sites_732/index.html,36.94
Vagabonding: An Uncommon Guide ...,http://books.toscrape.com/catalogue/vagabonding-an-uncommon-guide-to-the-art-of-long-term-world-travel_552/index.html,37.33
Under the Tuscan Sun,http://books.toscrape.com/catalogue/under-the-tuscan-sun_504/index.html,44.34
A Summer In Europe,http://books.toscrape.com/catalogue/a-summer-in-europe_458/index.html,30.54
The Great Railway Bazaar,http://books.toscrape.com/catalogue/the-great-railway-bazaar_446/index.html,56.88
A Year in Provence ...,http://books.toscrape.com/catalogue/a-year-in-provence-provence-1_421/index.html,23.21
The Road to Little ...,http://books.toscrape.com/catalogue/the-road-to-little-dribbling-adventures-of-an-american-in-britain-notes-from-a-small-island-2_277/index.html,38.95
Neither Here nor There: ...,http://books.toscrape.com/catalogue/neither-here-nor-there-travels-in-europe_198/index.html,26.08
Sophie's World,http://books.toscrape.com/catalogue/sophies-world_966/index.html,58.11
The Death of Humanity: ...,http://books.toscrape.com/catalogue/the-death-of-humanity-and-the-case-for-life_932/index.html,17.44
The Stranger,http://books.toscrape.com/catalogue/the-stranger_861/index.html,54.21
Proofs of God: Classical ...,http://books.toscrape.com/catalogue/proofs-of-god-classical-arguments-from-tertullian-to-barth_538/index.html,47.13
Kierkegaard: A Christian Missionary ...,http://books.toscrape.com/catalogue/kierkegaard-a-christian-missionary-to-christians_527/index.html,29.93
At The Existentialist Café: ...,http://books.toscrape.com/catalogue/at-the-existentialist-cafe-freedom-being-and-apricot-cocktails-with-jean-paul-sartre-simone-de-beauvoir-albert-camus-martin-heidegger-edmund-husserl-karl-jaspers-maurice-merleau-ponty-and-others_459/index.html,20.75
Critique of Pure Reason,http://books.toscrape.com/catalogue/critique-of-pure-reason_366/index.html,20.02
"Run, Spot, Run: The ...",http://books.toscrape.com/catalogue/run-spot-run-the-ethics-of-keeping-pets_106/index.html,36.34
The Nicomachean Ethics,http://books.toscrape.com/catalogue/the-nicomachean-ethics_75/index.html,25.89
Meditations,http://books.toscrape.com/catalogue/meditations_33/index.html,43.38
Soumission,http://books.toscrape.com/catalogue/soumission_998/index.html,47.61
Private Paris (Private #10),http://books.toscrape.com/catalogue/private-paris-private-10_958/index.html,50.27
"We Love You, Charlie ...",http://books.toscrape.com/catalogue/we-love-you-charlie-freeman_954/index.html,17.27
Thirst,http://books.toscrape.com/catalogue/thirst_946/index.html,54.11
The Murder That Never ...,http://books.toscrape.com/catalogue/the-murder-that-never-was-forensic-instincts-5_939/index.html,21.04
Tuesday Nights in 1980,http://books.toscrape.com/catalogue/tuesday-nights-in-1980_870/index.html,42.15
The Vacationers,http://books.toscrape.com/catalogue/the-vacationers_863/index.html,51.36
The Regional Office Is ...,http://books.toscrape.com/catalogue/the-regional-office-is-under-attack_858/index.html,53.53
Finders Keepers (Bill Hodges ...,http://books.toscrape.com/catalogue/finders-keepers-bill-hodges-trilogy-2_807/index.html,27.88
The Time Keeper,http://books.toscrape.com/catalogue/the-time-keeper_766/index.html,52.67
The Testament of Mary,http://books.toscrape.com/catalogue/the-testament-of-mary_765/index.html,25.85
The First Hostage (J.B. ...,http://books.toscrape.com/catalogue/the-first-hostage-jb-collins-2_749/index.html,45.21
Take Me with You,http://books.toscrape.com/catalogue/take-me-with-you_741/index.html,26.41
Still Life with Bread ...,http://books.toscrape.com/catalogue/still-life-with-bread-crumbs_738/index.html,55.84
Shtum,http://books.toscrape.com/catalogue/shtum_733/index.html,41.56
My Name Is Lucy ...,http://books.toscrape.com/catalogue/my-name-is-lucy-barton_720/index.html,24.48
My Mrs. Brown,http://books.toscrape.com/catalogue/my-mrs-brown_719/index.html,28.90
Mr. Mercedes (Bill Hodges ...,http://books.toscrape.com/catalogue/mr-mercedes-bill-hodges-trilogy-1_717/index.html,10.60
I Am Pilgrim (Pilgrim ...,http://books.toscrape.com/catalogue/i-am-pilgrim-pilgrim-1_703/index.html,27.09
Tipping the Velvet,http://books.toscrape.com/catalogue/tipping-the-velvet_999/index.html,29.69
Forever and Forever: The ...,http://books.toscrape.com/catalogue/forever-and-forever-the-courtship-of-henry-longfellow-and-fanny-appleton_894/index.html,55.53
A Flight of Arrows ...,http://books.toscrape.com/catalogue/a-flight-of-arrows-the-pathfinders-2_876/index.html,36.95
The House by the ...,http://books.toscrape.com/catalogue/the-house-by-the-lake_846/index.html,30.25
Mrs. Houdini,http://books.toscrape.com/catalogue/mrs-houdini_821/index.html,28.08
The Marriage of Opposites,http://books.toscrape.com/catalogue/the-marriage-of-opposites_759/index.html,45.84
Glory over Everything: Beyond ...,http://books.toscrape.com/catalogue/glory-over-everything-beyond-the-kitchen-house_696/index.html,20.55
"Love, Lies and Spies",http://books.toscrape.com/catalogue/love-lies-and-spies_622/index.html,39.01
A Paris Apartment,http://books.toscrape.com/catalogue/a-paris-apartment_612/index.html,17.28
Lilac Girls,http://books.toscrape.com/catalogue/lilac-girls_597/index.html,16.62
The Constant Princess (The ...,http://books.toscrape.com/catalogue/the-constant-princess-the-tudor-court-1_493/index.html,37.34
The Invention of Wings,http://books.toscrape.com/catalogue/the-invention-of-wings_448/index.html,32.97
World Without End (The ...,http://books.toscrape.com/catalogue/world-without-end-the-pillars-of-the-earth-2_420/index.html,28.32
The Passion of Dolssa,http://books.toscrape.com/catalogue/the-passion-of-dolssa_351/index.html,26.77
Girl With a Pearl ...,http://books.toscrape.com/catalogue/girl-with-a-pearl-earring_322/index.html,21.07
Voyager (Outlander #3),http://books.toscrape.com/catalogue/voyager-outlander-3_299/index.html,35.66
The Red Tent,http://books.toscrape.com/catalogue/the-red-tent_273/index.html,55.55
The Last Painting of ...,http://books.toscrape.com/catalogue/the-last-painting-of-sara-de-vos_259/index.html,49.53
The Guernsey Literary and ...,http://books.toscrape.com/catalogue/the-guernsey-literary-and-potato-peel-pie-society_253/index.html,46.83
Sharp Objects,http://books.toscrape.com/catalogue/sharp-objects_997/index.html,19.63
"In a Dark, Dark ...",http://books.toscrape.com/catalogue/in-a-dark-dark-wood_963/index.html,56.50
The Past Never Ends,http://books.toscrape.com/catalogue/the-past-never-ends_942/index.html,16.64
A Murder in Time,http://books.toscrape.com/catalogue/a-murder-in-time_877/index.html,44.10
The Murder of Roger ...,http://books.toscrape.com/catalogue/the-murder-of-roger-ackroyd-hercule-poirot-4_852/index.html,54.21
The Last Mile (Amos ...,http://books.toscrape.com/catalogue/the-last-mile-amos-decker-2_754/index.html,13.92
That Darkness (Gardiner and ...,http://books.toscrape.com/catalogue/that-darkness-gardiner-and-renner-1_743/index.html,10.69
Tastes Like Fear (DI ...,http://books.toscrape.com/catalogue/tastes-like-fear-di-marnie-rome-3_742/index.html,48.35
A Time of Torment ...,http://books.toscrape.com/catalogue/a-time-of-torment-charlie-parker-14_657/index.html,16.73
A Study in Scarlet ...,http://books.toscrape.com/catalogue/a-study-in-scarlet-sherlock-holmes-1_656/index.html,26.80
Poisonous (Max Revere Novels ...,http://books.toscrape.com/catalogue/poisonous-max-revere-novels-3_627/index.html,54.36
Murder at the 42nd ...,http://books.toscrape.com/catalogue/murder-at-the-42nd-street-library-raymond-ambler-1_624/index.html,35.28
Most Wanted,http://books.toscrape.com/catalogue/most-wanted_623/index.html,11.84
Hide Away (Eve Duncan ...,http://books.toscrape.com/catalogue/hide-away-eve-duncan-20_620/index.html,59.48
Boar Island (Anna Pigeon ...,http://books.toscrape.com/catalogue/boar-island-anna-pigeon-19_613/index.html,27.26
The Widow,http://books.toscrape.com/catalogue/the-widow_609/index.html,13.71
Playing with Fire,http://books.toscrape.com/catalogue/playing-with-fire_602/index.html,25.37
What Happened on Beale ...,http://books.toscrape.com/catalogue/what-happened-on-beale-street-secrets-of-the-south-mysteries-2_506/index.html,52.30
The Bachelor Girl's Guide ...,http://books.toscrape.com/catalogue/the-bachelor-girls-guide-to-murder-herringford-and-watts-mysteries-1_491/index.html,20.89
The Secret Garden,http://books.toscrape.com/catalogue/the-secret-garden_413/index.html,28.58
The Metamorphosis,http://books.toscrape.com/catalogue/the-metamorphosis_409/index.html,50.26
The Pilgrim's Progress,http://books.toscrape.com/catalogue/the-pilgrims-progress_353/index.html,14.82
The Hound of the ...,http://books.toscrape.com/catalogue/the-hound-of-the-baskervilles-sherlock-holmes-5_348/index.html,28.07
Little Women (Little Women ...,http://books.toscrape.com/catalogue/little-women-little-women-1_331/index.html,32.49
Gone with the Wind,http://books.toscrape.com/catalogue/gone-with-the-wind_324/index.html,58.63
Candide,http://books.toscrape.com/catalogue/candide_316/index.html,57.22
Animal Farm,http://books.toscrape.com/catalogue/animal-farm_313/index.html,17.73
Wuthering Heights,http://books.toscrape.com/catalogue/wuthering-heights_307/index.html,29.70
The Picture of Dorian ...,http://books.toscrape.com/catalogue/the-picture-of-dorian-gray_270/index.html,26.78
The Complete Stories and ...,http://books.toscrape.com/catalogue/the-complete-stories-and-poems-the-works-of-edgar-allan-poe-cameo-edition_238/index.html,38.35
Beowulf,http://books.toscrape.com/catalogue/beowulf_126/index.html,35.01
And Then There Were ...,http://books.toscrape.com/catalogue/and-then-there-were-none_119/index.html,43.19
The Story of Hong ...,http://books.toscrape.com/catalogue/the-story-of-hong-gildong_84/index.html,45.42
The Little Prince,http://books.toscrape.com/catalogue/the-little-prince_72/index.html,37.46
Sense and Sensibility,http://books.toscrape.com/catalogue/sense-and-sensibility_49/index.html,47.11
Of Mice and Men,http://books.toscrape.com/catalogue/of-mice-and-men_37/index.html,32.93
Emma,http://books.toscrape.com/catalogue/emma_17/index.html,55.53
I Had a Nice ...,http://books.toscrape.com/catalogue/i-had-a-nice-time-and-other-lies-how-to-find-love-sht-like-that_814/index.html,13.86
Will You Won't You ...,http://books.toscrape.com/catalogue/will-you-wont-you-want-me_644/index.html,20.46
Keep Me Posted,http://books.toscrape.com/catalogue/keep-me-posted_594/index.html,48.49
Grey (Fifty Shades #4),http://books.toscrape.com/catalogue/grey-fifty-shades-4_592/index.html,43.58
Meternity,http://books.toscrape.com/catalogue/meternity_478/index.html,13.73
Some Women,http://books.toscrape.com/catalogue/some-women_341/index.html,48.39
Shopaholic Ties the Knot ...,http://books.toscrape.com/catalogue/shopaholic-ties-the-knot-shopaholic-3_340/index.html,21.94
Can You Keep a ...,http://books.toscrape.com/catalogue/can-you-keep-a-secret_315/index.html,42.80
Twenties Girl,http://books.toscrape.com/catalogue/twenties-girl_292/index.html,45.75
The Undomestic Goddess,http://books.toscrape.com/catalogue/the-undomestic-goddess_286/index.html,52.53
The Nanny Diaries (Nanny ...,http://books.toscrape.com/catalogue/the-nanny-diaries-nanny-1_265/index.html,44.29
The Devil Wears Prada ...,http://books.toscrape.com/catalogue/the-devil-wears-prada-the-devil-wears-prada-1_243/index.html,48.96
Something Borrowed (Darcy & ...,http://books.toscrape.com/catalogue/something-borrowed-darcy-rachel-1_224/index.html,54.62
Something Blue (Darcy & ...,http://books.toscrape.com/catalogue/something-blue-darcy-rachel-2_223/index.html,19.69
I've Got Your Number,http://books.toscrape.com/catalogue/ive-got-your-number_173/index.html,19.18
The Edge of Reason ...,http://books.toscrape.com/catalogue/the-edge-of-reason-bridget-jones-2_63/index.html,29.82
Chase Me (Paris Nights ...,http://books.toscrape.com/catalogue/chase-me-paris-nights-2_977/index.html,34.53
Black Dust,http://books.toscrape.com/catalogue/black-dust_976/index.html,33.97
Her Backup Boyfriend (The ...,http://books.toscrape.com/catalogue/her-backup-boyfriend-the-sorensen-family-1_896/index.html,15.97
First and First (Five ...,http://books.toscrape.com/catalogue/first-and-first-five-boroughs-3_893/index.html,21.96
Fifty Shades Darker (Fifty ...,http://books.toscrape.com/catalogue/fifty-shades-darker-fifty-shades-2_892/index.html,24.12
The Wedding Dress,http://books.toscrape.com/catalogue/the-wedding-dress_864/index.html,55.99
Suddenly in Love (Lake ...,http://books.toscrape.com/catalogue/suddenly-in-love-lake-haven-1_835/index.html,16.24
Something More Than This,http://books.toscrape.com/catalogue/something-more-than-this_834/index.html,35.61
Doing It Over (Most ...,http://books.toscrape.com/catalogue/doing-it-over-most-likely-to-1_802/index.html,32.61
The Wedding Pact (The ...,http://books.toscrape.com/catalogue/the-wedding-pact-the-omalleys-2_767/index.html,28.82
Hold Your Breath (Search ...,http://books.toscrape.com/catalogue/hold-your-breath-search-and-rescue-1_700/index.html,40.83
Dirty (Dive Bar #1),http://books.toscrape.com/catalogue/dirty-dive-bar-1_615/index.html,53.98
Take Me Home Tonight ...,http://books.toscrape.com/catalogue/take-me-home-tonight-rock-star-romance-3_605/index.html,47.67
Off the Hook (Fishing ...,http://books.toscrape.com/catalogue/off-the-hook-fishing-for-trouble-1_601/index.html,14.75
A Gentleman's Position (Society ...,http://books.toscrape.com/catalogue/a-gentlemans-position-society-of-gentlemen-3_584/index.html,20.90
"Sit, Stay, Love",http://books.toscrape.com/catalogue/sit-stay-love_486/index.html,31.30
A Girl's Guide to ...,http://books.toscrape.com/catalogue/a-girls-guide-to-moving-on-new-beginnings-2_359/index.html,59.99
The Perfect Play (Play ...,http://books.toscrape.com/catalogue/the-perfect-play-play-by-play-1_352/index.html,12.87
Dark Lover (Black Dagger ...,http://books.toscrape.com/catalogue/dark-lover-black-dagger-brotherhood-1_319/index.html,13.38
Scott Pilgrim's Precious Little ...,http://books.toscrape.com/catalogue/scott-pilgrims-precious-little-life-scott-pilgrim-1_987/index.html,16.28
Tsubasa: WoRLD CHRoNiCLE 2 ...,http://books.toscrape.com/catalogue/tsubasa-world-chronicle-2-tsubasa-world-chronicle-2_949/index.html,19.49
This One Summer,http://books.toscrape.com/catalogue/this-one-summer_947/index.html,38.16
The Nameless City (The ...,http://books.toscrape.com/catalogue/the-nameless-city-the-nameless-city-1_940/index.html,51.04
"Saga, Volume 5 (Saga ...",http://books.toscrape.com/catalogue/saga-volume-5-saga-collected-editions-5_923/index.html,50.40
"Rat Queens, Vol. 3: ...",http://books.toscrape.com/catalogue/rat-queens-vol-3-demons-rat-queens-collected-editions-11-15_921/index.html,13.61
"Princess Jellyfish 2-in-1 Omnibus, ...",http://books.toscrape.com/catalogue/princess-jellyfish-2-in-1-omnibus-vol-01-princess-jellyfish-2-in-1-omnibus-1_920/index.html,18.97
"Pop Gun War, Volume ...",http://books.toscrape.com/catalogue/pop-gun-war-volume-1-gift_918/index.html,10.16
Patience,http://books.toscrape.com/catalogue/patience_916/index.html,15.44
"Outcast, Vol. 1: A ...",http://books.toscrape.com/catalogue/outcast-vol-1-a-darkness-surrounds-him-outcast-1_915/index.html,48.41
orange: The Complete Collection ...,http://books.toscrape.com/catalogue/orange-the-complete-collection-1-orange-the-complete-collection-1_914/index.html,46.91
"Lumberjanes, Vol. 2: Friendship ...",http://books.toscrape.com/catalogue/lumberjanes-vol-2-friendship-to-the-max-lumberjanes-5-8_907/index.html,45.61
"Lumberjanes, Vol. 1: Beware ...",http://books.toscrape.com/catalogue/lumberjanes-vol-1-beware-the-kitten-holy-lumberjanes-1-4_906/index.html,19.92
Lumberjanes Vol. 3: A ...,http://books.toscrape.com/catalogue/lumberjanes-vol-3-a-terrible-plan-lumberjanes-9-12_905/index.html,29.17
"I Hate Fairyland, Vol. ...",http://books.toscrape.com/catalogue/i-hate-fairyland-vol-1-madly-ever-after-i-hate-fairyland-compilations-1-5_899/index.html,54.63
I am a Hero ...,http://books.toscrape.com/catalogue/i-am-a-hero-omnibus-volume-1_898/index.html,22.11
"Giant Days, Vol. 2 ...",http://books.toscrape.com/catalogue/giant-days-vol-2-giant-days-5-8_895/index.html,51.99
Danganronpa Volume 1,http://books.toscrape.com/catalogue/danganronpa-volume-1_889/index.html,36.72
"Codename Baboushka, Volume 1: ...",http://books.toscrape.com/catalogue/codename-baboushka-volume-1-the-conclave-of-death_887/index.html,17.08
Birdsong: A Story in ...,http://books.toscrape.com/catalogue/birdsong-a-story-in-pictures_975/index.html,36.89
The Bear and the ...,http://books.toscrape.com/catalogue/the-bear-and-the-piano_967/index.html,56.13
The Secret of Dreadwillow ...,http://books.toscrape.com/catalogue/the-secret-of-dreadwillow-carse_944/index.html,58.08
The White Cat and ...,http://books.toscrape.com/catalogue/the-white-cat-and-the-monk-a-retelling-of-the-poem-pangur-ban_865/index.html,13.47
Little Red,http://books.toscrape.com/catalogue/little-red_817/index.html,12.96
Walt Disney's Alice in ...,http://books.toscrape.com/catalogue/walt-disneys-alice-in-wonderland_777/index.html,22.08
Twenty Yawns,http://books.toscrape.com/catalogue/twenty-yawns_773/index.html,23.57
Rain Fish,http://books.toscrape.com/catalogue/rain-fish_728/index.html,18.28
Once Was a Time,http://books.toscrape.com/catalogue/once-was-a-time_724/index.html,53.95
Luis Paints the World,http://books.toscrape.com/catalogue/luis-paints-the-world_714/index.html,25.08
Nap-a-Roo,http://books.toscrape.com/catalogue/nap-a-roo_567/index.html,35.96
The Whale,http://books.toscrape.com/catalogue/the-whale_501/index.html,52.87
"Shrunken Treasures: Literary Classics, ...",http://books.toscrape.com/catalogue/shrunken-treasures-literary-classics-short-sweet-and-silly_484/index.html,34.41
Raymie Nightingale,http://books.toscrape.com/catalogue/raymie-nightingale_482/index.html,32.38
Playing from the Heart,http://books.toscrape.com/catalogue/playing-from-the-heart_481/index.html,22.54
Maybe Something Beautiful: How ...,http://books.toscrape.com/catalogue/maybe-something-beautiful-how-art-transformed-a-neighborhood_386/index.html,56.07
The Wild Robot,http://books.toscrape.com/catalogue/the-wild-robot_288/index.html,48.77
The Thing About Jellyfish,http://books.toscrape.com/catalogue/the-thing-about-jellyfish_283/index.html,43.59
The Lonely Ones,http://books.toscrape.com/catalogue/the-lonely-ones_261/index.html,26.33
Don't Be a Jerk: ...,http://books.toscrape.com/catalogue/dont-be-a-jerk-and-other-practical-advice-from-dogen-japans-greatest-zen-master_890/index.html,21.87
You Are What You ...,http://books.toscrape.com/catalogue/you-are-what-you-love-the-spiritual-power-of-habit_872/index.html,30.03
God: The Most Unpleasant ...,http://books.toscrape.com/catalogue/god-the-most-unpleasant-character-in-all-fiction_697/index.html,24.57
The Book of Mormon,http://books.toscrape.com/catalogue/the-book-of-mormon_571/index.html,27.62
A History of God: ...,http://books.toscrape.com/catalogue/a-history-of-god-the-4000-year-quest-of-judaism-christianity-and-islam_310/index.html,57.49
The Bhagavad Gita,http://books.toscrape.com/catalogue/the-bhagavad-gita_60/index.html,28.42
Rip it Up and ...,http://books.toscrape.com/catalogue/rip-it-up-and-start-again_986/index.html,57.25
Our Band Could Be ...,http://books.toscrape.com/catalogue/our-band-could-be-your-life-scenes-from-the-american-indie-underground-1981-1991_985/index.html,37.32
How Music Works,http://books.toscrape.com/catalogue/how-music-works_979/index.html,18.03
Love Is a Mix ...,http://books.toscrape.com/catalogue/love-is-a-mix-tape-music-1_711/index.html,31.19
Please Kill Me: The ...,http://books.toscrape.com/catalogue/please-kill-me-the-uncensored-oral-history-of-punk_537/index.html,45.05
Kill 'Em and Leave: ...,http://books.toscrape.com/catalogue/kill-em-and-leave-searching-for-james-brown-and-the-american-soul_528/index.html,52.60
"Chronicles, Vol. 1",http://books.toscrape.com/catalogue/chronicles-vol-1_462/index.html,38.40
This Is Your Brain ...,http://books.toscrape.com/catalogue/this-is-your-brain-on-music-the-science-of-a-human-obsession_414/index.html,12.36
Orchestra of Exiles: The ...,http://books.toscrape.com/catalogue/orchestra-of-exiles-the-story-of-bronislaw-huberman-the-israel-philharmonic-and-the-one-thousand-jews-he-saved-from-nazi-horrors_337/index.html,20.02
No One Here Gets ...,http://books.toscrape.com/catalogue/no-one-here-gets-out-alive_336/index.html,31.58
Life,http://books.toscrape.com/catalogue/life_104/index.html,55.66
Old Records Never Die: ...,http://books.toscrape.com/catalogue/old-records-never-die-one-mans-quest-for-his-vinyl-and-his-past_39/index.html,28.80
The Coming Woman: A ...,http://books.toscrape.com/catalogue/the-coming-woman-a-novel-based-on-the-life-of-the-infamous-feminist-victoria-woodhull_993/index.html,22.60
The Boys in the ...,http://books.toscrape.com/catalogue/the-boys-in-the-boat-nine-americans-and-their-epic-quest-for-gold-at-the-1936-berlin-olympics_992/index.html,13.99
Starving Hearts (Triangular Trade ...,http://books.toscrape.com/catalogue/starving-hearts-triangular-trade-trilogy-1_990/index.html,22.50
America's Cradle of Quarterbacks: ...,http://books.toscrape.com/catalogue/americas-cradle-of-quarterbacks-western-pennsylvanias-football-factory-from-johnny-unitas-to-joe-montana_974/index.html,53.13
Aladdin and His Wonderful ...,http://books.toscrape.com/catalogue/aladdin-and-his-wonderful-lamp_973/index.html,33.29
Penny Maybe,http://books.toscrape.com/catalogue/penny-maybe_965/index.html,18.02
Maude (1883-1993):She Grew Up ...,http://books.toscrape.com/catalogue/maude-1883-1993she-grew-up-with-the-country_964/index.html,20.59
The Inefficiency Assassin: Time ...,http://books.toscrape.com/catalogue/the-inefficiency-assassin-time-management-tactics-for-working-smarter-not-longer_935/index.html,39.58
Soul Reader,http://books.toscrape.com/catalogue/soul-reader_926/index.html,49.46
Bossypants,http://books.toscrape.com/catalogue/bossypants_883/index.html,42.95
A World of Flavor: ...,http://books.toscrape.com/catalogue/a-world-of-flavor-your-gluten-free-passport_879/index.html,56.76
"A Piece of Sky, ...",http://books.toscrape.com/catalogue/a-piece-of-sky-a-grain-of-rice-a-memoir-in-four-meditations_878/index.html,41.60
Tracing Numbers on a ...,http://books.toscrape.com/catalogue/tracing-numbers-on-a-train_869/index.html,52.72
Thirteen Reasons Why,http://books.toscrape.com/catalogue/thirteen-reasons-why_866/index.html,27.37
The Secret (The Secret ...,http://books.toscrape.com/catalogue/the-secret-the-secret-1_859/index.html,36.00
The Psychopath Test: A ...,http://books.toscrape.com/catalogue/the-psychopath-test-a-journey-through-the-madness-industry_857/index.html,41.82
The Kite Runner,http://books.toscrape.com/catalogue/the-kite-runner_847/index.html,55.02
The Girl on the ...,http://books.toscrape.com/catalogue/the-girl-on-the-train_844/index.html,23.15
The Emerald Mystery,http://books.toscrape.com/catalogue/the-emerald-mystery_842/index.html,32.00
Mesaerion: The Best Science ...,http://books.toscrape.com/catalogue/mesaerion-the-best-science-fiction-stories-1800-1849_983/index.html,35.67
Join,http://books.toscrape.com/catalogue/join_902/index.html,43.30
William Shakespeare's Star Wars: ...,http://books.toscrape.com/catalogue/william-shakespeares-star-wars-verily-a-new-hope-william-shakespeares-star-wars-4_871/index.html,10.65
The Project,http://books.toscrape.com/catalogue/the-project_856/index.html,26.12
Soft Apocalypse,http://books.toscrape.com/catalogue/soft-apocalypse_833/index.html,48.74
Sleeping Giants (Themis Files ...,http://books.toscrape.com/catalogue/sleeping-giants-themis-files-1_604/index.html,21.36
Arena,http://books.toscrape.com/catalogue/arena_587/index.html,32.42
Foundation (Foundation (Publication Order) ...,http://books.toscrape.com/catalogue/foundation-foundation-publication-order-1_375/index.html,10.92
The Restaurant at the ...,http://books.toscrape.com/catalogue/the-restaurant-at-the-end-of-the-universe-hitchhikers-guide-to-the-galaxy-2_275/index.html,19.07
Ready Player One,http://books.toscrape.com/catalogue/ready-player-one_209/index.html,33.26
"Life, the Universe and ...",http://books.toscrape.com/catalogue/life-the-universe-and-everything-hitchhikers-guide-to-the-galaxy-3_189/index.html,54.86
Dune (Dune #1),http://books.toscrape.com/catalogue/dune-dune-1_151/index.html,51.48
Do Androids Dream of ...,http://books.toscrape.com/catalogue/do-androids-dream-of-electric-sheep-blade-runner-1_149/index.html,44.18
Three Wishes (River of ...,http://books.toscrape.com/catalogue/three-wishes-river-of-time-california-1_89/index.html,36.26
The Last Girl (The ...,http://books.toscrape.com/catalogue/the-last-girl-the-dominion-trilogy-1_70/index.html,34.96
The Torch Is Passed: ...,http://books.toscrape.com/catalogue/the-torch-is-passed-a-harding-family-story_945/index.html,23.89
The Mindfulness and Acceptance ...,http://books.toscrape.com/catalogue/the-mindfulness-and-acceptance-workbook-for-anxiety-a-guide-to-breaking-free-from-anxiety-phobias-and-worry-using-acceptance-and-commitment-therapy_937/index.html,40.76
The Art Forger,http://books.toscrape.com/catalogue/the-art-forger_930/index.html,14.07
On a Midnight Clear,http://books.toscrape.com/catalogue/on-a-midnight-clear_912/index.html,53.90
Judo: Seven Steps to ...,http://books.toscrape.com/catalogue/judo-seven-steps-to-black-belt-an-introductory-guide-for-beginners_903/index.html,29.06
"Shobu Samurai, Project Aryoku ...",http://books.toscrape.com/catalogue/shobu-samurai-project-aryoku-3_830/index.html,28.26
Modern Romance,http://books.toscrape.com/catalogue/modern-romance_820/index.html,25.91
The White Queen (The ...,http://books.toscrape.com/catalogue/the-white-queen-the-cousins-war-1_768/index.html,37.40
The Song of Achilles,http://books.toscrape.com/catalogue/the-song-of-achilles_762/index.html,40.67
The Immortal Life of ...,http://books.toscrape.com/catalogue/the-immortal-life-of-henrietta-lacks_753/index.html,48.78
The Dovekeepers,http://books.toscrape.com/catalogue/the-dovekeepers_748/index.html,37.61
More Than Music (Chasing ...,http://books.toscrape.com/catalogue/more-than-music-chasing-the-dream-1_716/index.html,22.13
Code Name Verity (Code ...,http://books.toscrape.com/catalogue/code-name-verity-code-name-verity-1_680/index.html,20.29
Cell,http://books.toscrape.com/catalogue/cell_674/index.html,34.20
Angels Walking (Angels Walking ...,http://books.toscrape.com/catalogue/angels-walking-angels-walking-1_662/index.html,56.48
A Series of Catastrophes ...,http://books.toscrape.com/catalogue/a-series-of-catastrophes-and-miracles-a-true-story-of-love-science-and-cancer_655/index.html,40.79
A People's History of ...,http://books.toscrape.com/catalogue/a-peoples-history-of-the-united-states_654/index.html,55.51
A Brush of Wings ...,http://books.toscrape.com/catalogue/a-brush-of-wings-angels-walking-3_651/index.html,37.86
Rook,http://books.toscrape.com/catalogue/rook_647/index.html,26.20
Unicorn Tracks,http://books.toscrape.com/catalogue/unicorn-tracks_951/index.html,25.02
"Saga, Volume 6 (Saga ...",http://books.toscrape.com/catalogue/saga-volume-6-saga-collected-editions-6_924/index.html,13.34
Princess Between Worlds (Wide-Awake ...,http://books.toscrape.com/catalogue/princess-between-worlds-wide-awake-princess-5_919/index.html,56.40
Masks and Shadows,http://books.toscrape.com/catalogue/masks-and-shadows_909/index.html,43.29
Crown of Midnight (Throne ...,http://books.toscrape.com/catalogue/crown-of-midnight-throne-of-glass-2_888/index.html,28.09
Avatar: The Last Airbender: ...,http://books.toscrape.com/catalogue/avatar-the-last-airbender-smoke-and-shadow-part-3-smoke-and-shadow-3_881/index.html,52.37
A Court of Thorns ...,http://books.toscrape.com/catalogue/a-court-of-thorns-and-roses-a-court-of-thorns-and-roses-1_874/index.html,35.07
Throne of Glass (Throne ...,http://books.toscrape.com/catalogue/throne-of-glass-throne-of-glass-1_868/index.html,44.28
The Glittering Court (The ...,http://books.toscrape.com/catalogue/the-glittering-court-the-glittering-court-1_845/index.html,42.98
Hollow City (Miss Peregrine’s ...,http://books.toscrape.com/catalogue/hollow-city-miss-peregrines-peculiar-children-2_813/index.html,46.02
The Star-Touched Queen,http://books.toscrape.com/catalogue/the-star-touched-queen_764/index.html,52.26
The Hidden Oracle (The ...,http://books.toscrape.com/catalogue/the-hidden-oracle-the-trials-of-apollo-1_752/index.html,44.73
The Bane Chronicles (The ...,http://books.toscrape.com/catalogue/the-bane-chronicles-the-bane-chronicles-1-11_746/index.html,29.65
Island of Dragons (Unwanteds ...,http://books.toscrape.com/catalogue/island-of-dragons-unwanteds-7_705/index.html,37.51
Demigods & Magicians: Percy ...,http://books.toscrape.com/catalogue/demigods-magicians-percy-and-annabeth-meet-the-kanes-percy-jackson-kane-chronicles-crossover-1-3_685/index.html,56.02
City of Glass (The ...,http://books.toscrape.com/catalogue/city-of-glass-the-mortal-instruments-3_678/index.html,38.73
Searching for Meaning in ...,http://books.toscrape.com/catalogue/searching-for-meaning-in-gailana_648/index.html,32.30
The Star-Touched Queen,http://books.toscrape.com/catalogue/the-star-touched-queen_642/index.html,56.63
A Shard of Ice ...,http://books.toscrape.com/catalogue/a-shard-of-ice-the-black-symphony-saga-1_558/index.html,39.61
Worlds Elsewhere: Journeys Around ...,http://books.toscrape.com/catalogue/worlds-elsewhere-journeys-around-shakespeares-globe_972/index.html,31.05
The Five Love Languages: ...,http://books.toscrape.com/catalogue/the-five-love-languages-how-to-express-heartfelt-commitment-to-your-mate_969/index.html,26.41
Reasons to Stay Alive,http://books.toscrape.com/catalogue/reasons-to-stay-alive_959/index.html,23.11
#HigherSelfie: Wake Up Your ...,http://books.toscrape.com/catalogue/higherselfie-wake-up-your-life-free-your-soul-find-your-tribe_957/index.html,44.18
Unseen City: The Majesty ...,http://books.toscrape.com/catalogue/unseen-city-the-majesty-of-pigeons-the-discreet-charm-of-snails-other-wonders-of-the-urban-wilderness_952/index.html,31.12
Throwing Rocks at the ...,http://books.toscrape.com/catalogue/throwing-rocks-at-the-google-bus-how-growth-became-the-enemy-of-prosperity_948/index.html,16.77
The Life-Changing Magic of ...,http://books.toscrape.com/catalogue/the-life-changing-magic-of-tidying-up-the-japanese-art-of-decluttering-and-organizing_936/index.html,37.13
The Gutsy Girl: Escapades ...,http://books.toscrape.com/catalogue/the-gutsy-girl-escapades-for-your-life-of-epic-adventure_934/index.html,56.06
The Electric Pencil: Drawings ...,http://books.toscrape.com/catalogue/the-electric-pencil-drawings-from-inside-state-hospital-no-3_933/index.html,41.83
Spark Joy: An Illustrated ...,http://books.toscrape.com/catalogue/spark-joy-an-illustrated-master-class-on-the-art-of-organizing-and-tidying-up_927/index.html,19.83
Reskilling America: Learning to ...,http://books.toscrape.com/catalogue/reskilling-america-learning-to-labor-in-the-twenty-first-century_922/index.html,22.00
In the Country We ...,http://books.toscrape.com/catalogue/in-the-country-we-love-my-family-divided_901/index.html,54.35
Everydata: The Misinformation Hidden ...,http://books.toscrape.com/catalogue/everydata-the-misinformation-hidden-in-the-little-data-you-consume-every-day_891/index.html,29.14
Call the Nurse: True ...,http://books.toscrape.com/catalogue/call-the-nurse-true-stories-of-a-country-nurse-on-a-scottish-isle_885/index.html,30.81
Algorithms to Live By: ...,http://books.toscrape.com/catalogue/algorithms-to-live-by-the-computer-science-of-human-decisions_880/index.html,43.54
The Power of Now: ...,http://books.toscrape.com/catalogue/the-power-of-now-a-guide-to-spiritual-enlightenment_855/index.html,38.21
The Omnivore's Dilemma: A ...,http://books.toscrape.com/catalogue/the-omnivores-dilemma-a-natural-history-of-four-meals_854/index.html,17.24
The Genius of Birds,http://books.toscrape.com/catalogue/the-genius-of-birds_843/index.html,38.49
The Artist's Way: A ...,http://books.toscrape.com/catalogue/the-artists-way-a-spiritual-path-to-higher-creativity_839/index.html,12.23
The Book of Basketball: ...,http://books.toscrape.com/catalogue/the-book-of-basketball-the-nba-according-to-the-sports-guy_232/index.html,51.22
Friday Night Lights: A ...,http://books.toscrape.com/catalogue/friday-night-lights-a-town-a-team-and-a-dream_158/index.html,24.42
Sugar Rush (Offensive Line ...,http://books.toscrape.com/catalogue/sugar-rush-offensive-line-2_108/index.html,44.91
Settling the Score (The ...,http://books.toscrape.com/catalogue/settling-the-score-the-summer-games-1_50/index.html,40.44
Without Borders (Wanderlove #1),http://books.toscrape.com/catalogue/without-borders-wanderlove-1_956/index.html,43.29
The Mistake (Off-Campus #2),http://books.toscrape.com/catalogue/the-mistake-off-campus-2_851/index.html,55.85
The Matchmaker's Playbook (Wingmen ...,http://books.toscrape.com/catalogue/the-matchmakers-playbook-wingmen-inc-1_850/index.html,36.29
The Hook Up (Game ...,http://books.toscrape.com/catalogue/the-hook-up-game-on-1_68/index.html,58.35
Shameless,http://books.toscrape.com/catalogue/shameless_52/index.html,39.45
The Most Perfect Thing: ...,http://books.toscrape.com/catalogue/the-most-perfect-thing-inside-and-outside-a-birds-egg_938/index.html,57.36
Immunity: How Elie Metchnikoff ...,http://books.toscrape.com/catalogue/immunity-how-elie-metchnikoff-changed-the-course-of-modern-medicine_900/index.html,44.74
Sorting the Beef from ...,http://books.toscrape.com/catalogue/sorting-the-beef-from-the-bull-the-science-of-food-fraud-forensics_736/index.html,37.55
Tipping Point for Planet ...,http://books.toscrape.com/catalogue/tipping-point-for-planet-earth-how-close-are-we-to-the-edge_643/index.html,55.91
The Fabric of the ...,http://books.toscrape.com/catalogue/the-fabric-of-the-cosmos-space-time-and-the-texture-of-reality_572/index.html,28.41
Diary of a Citizen ...,http://books.toscrape.com/catalogue/diary-of-a-citizen-scientist-chasing-tiger-beetles-and-other-new-ways-of-engaging-the-world_517/index.html,10.01
The Origin of Species,http://books.toscrape.com/catalogue/the-origin-of-species_499/index.html,13.76
The Grand Design,http://books.toscrape.com/catalogue/the-grand-design_405/index.html,16.28
Peak: Secrets from the ...,http://books.toscrape.com/catalogue/peak-secrets-from-the-new-science-of-expertise_389/index.html,13.03
"The Elegant Universe: Superstrings, ...",http://books.toscrape.com/catalogue/the-elegant-universe-superstrings-hidden-dimensions-and-the-quest-for-the-ultimate-theory_245/index.html,57.35
The Disappearing Spoon: And ...,http://books.toscrape.com/catalogue/the-disappearing-spoon-and-other-true-tales-of-madness-love-and-the-history-of-the-world-from-the-periodic-table-of-the-elements_244/index.html,25.83
"Surely You're Joking, Mr. ...",http://books.toscrape.com/catalogue/surely-youre-joking-mr-feynman-adventures-of-a-curious-character_227/index.html,30.60
Seven Brief Lessons on ...,http://books.toscrape.com/catalogue/seven-brief-lessons-on-physics_219/index.html,29.45
Wall and Piece,http://books.toscrape.com/catalogue/wall-and-piece_971/index.html,49.05
Feathers: Displays of Brilliant ...,http://books.toscrape.com/catalogue/feathers-displays-of-brilliant-plumage_695/index.html,48.63
Art and Fear: Observations ...,http://books.toscrape.com/catalogue/art-and-fear-observations-on-the-perils-and-rewards-of-artmaking_559/index.html,43.02
The New Drawing on ...,http://books.toscrape.com/catalogue/the-new-drawing-on-the-right-side-of-the-brain_550/index.html,10.29
History of Beauty,http://books.toscrape.com/catalogue/history-of-beauty_521/index.html,41.14
The Story of Art,http://books.toscrape.com/catalogue/the-story-of-art_500/index.html,32.34
The Art Book,http://books.toscrape.com/catalogue/the-art-book_490/index.html,39.51
The Lucifer Effect: Understanding ...,http://books.toscrape.com/catalogue/the-lucifer-effect-understanding-how-good-people-turn-evil_758/index.html,39.43
The Golden Condom: And ...,http://books.toscrape.com/catalogue/the-golden-condom-and-other-essays-on-love-lost-and-found_637/index.html,56.27
It Didn't Start with ...,http://books.toscrape.com/catalogue/it-didnt-start-with-you-how-inherited-family-trauma-shapes-who-we-are-and-how-to-end-the-cycle_593/index.html,21.30
An Unquiet Mind: A ...,http://books.toscrape.com/catalogue/an-unquiet-mind-a-memoir-of-moods-and-madness_422/index.html,21.14
"Thinking, Fast and Slow",http://books.toscrape.com/catalogue/thinking-fast-and-slow_289/index.html,59.95
Civilization and Its Discontents,http://books.toscrape.com/catalogue/civilization-and-its-discontents_140/index.html,31.04
The Argonauts,http://books.toscrape.com/catalogue/the-argonauts_837/index.html,27.18
M Train,http://books.toscrape.com/catalogue/m-train_598/index.html,40.85
Lab Girl,http://books.toscrape.com/catalogue/lab-girl_595/index.html,58.81
Approval Junkie: Adventures in ...,http://books.toscrape.com/catalogue/approval-junkie-adventures-in-caring-too-much_363/index.html,12.91
Running with Scissors,http://books.toscrape.com/catalogue/running-with-scissors_215/index.html,57.60
Me Talk Pretty One ...,http://books.toscrape.com/catalogue/me-talk-pretty-one-day_193/index.html,11.87
Lust & Wonder,http://books.toscrape.com/catalogue/lust-wonder_191/index.html,59.04
Life Without a Recipe,http://books.toscrape.com/catalogue/life-without-a-recipe_188/index.html,54.29
The Requiem Red,http://books.toscrape.com/catalogue/the-requiem-red_995/index.html,17.46
Set Me Free,http://books.toscrape.com/catalogue/set-me-free_988/index.html,45.22
The Natural History of ...,http://books.toscrape.com/catalogue/the-natural-history-of-us-the-fine-art-of-pretending-2_941/index.html,14.86
Obsidian (Lux #1),http://books.toscrape.com/catalogue/obsidian-lux-1_911/index.html,28.81
Burning,http://books.toscrape.com/catalogue/burning_884/index.html,28.13
A Fierce and Subtle ...,http://books.toscrape.com/catalogue/a-fierce-and-subtle-poison_875/index.html,43.55
Scarlett Epstein Hates It ...,http://books.toscrape.com/catalogue/scarlett-epstein-hates-it-here_828/index.html,38.28
"Nightingale, Sing",http://books.toscrape.com/catalogue/nightingale-sing_823/index.html,48.56
Library of Souls (Miss ...,http://books.toscrape.com/catalogue/library-of-souls-miss-peregrines-peculiar-children-3_816/index.html,29.99
Frostbite (Vampire Academy #2),http://books.toscrape.com/catalogue/frostbite-vampire-academy-2_810/index.html,14.36
Wild Swans,http://books.toscrape.com/catalogue/wild-swans_782/index.html,46.31
Until Friday Night (The ...,http://books.toscrape.com/catalogue/until-friday-night-the-field-party-1_775/index.html,27.12
This Is Where It ...,http://books.toscrape.com/catalogue/this-is-where-it-ends_771/index.html,35.35
The Darkest Lie,http://books.toscrape.com/catalogue/the-darkest-lie_747/index.html,40.36
My Kind of Crazy,http://books.toscrape.com/catalogue/my-kind-of-crazy_718/index.html,55.35
Don't Get Caught,http://books.toscrape.com/catalogue/dont-get-caught_687/index.html,50.83
Catching Jordan (Hundred Oaks),http://books.toscrape.com/catalogue/catching-jordan-hundred-oaks_673/index.html,58.14
Aristotle and Dante Discover ...,http://books.toscrape.com/catalogue/aristotle-and-dante-discover-the-secrets-of-the-universe-aristotle-and-dante-discover-the-secrets-of-the-universe-1_663/index.html,14.44
The Epidemic (The Program ...,http://books.toscrape.com/catalogue/the-epidemic-the-program-06_636/index.html,48.05
A Light in the ...,http://books.toscrape.com/catalogue/a-light-in-the-attic_1000/index.html,52.15
The Black Maria,http://books.toscrape.com/catalogue/the-black-maria_991/index.html,20.66
Shakespeare's Sonnets,http://books.toscrape.com/catalogue/shakespeares-sonnets_989/index.html,23.88
Olio,http://books.toscrape.com/catalogue/olio_984/index.html,33.63
You can't bury them ...,http://books.toscrape.com/catalogue/you-cant-bury-them-all-poems_961/index.html,57.31
Slow States of Collapse: ...,http://books.toscrape.com/catalogue/slow-states-of-collapse-poems_960/index.html,14.27
Untitled Collection: Sabbath Poems ...,http://books.toscrape.com/catalogue/untitled-collection-sabbath-poems-2014_953/index.html,14.19
Poems That Make Grown ...,http://books.toscrape.com/catalogue/poems-that-make-grown-women-cry_824/index.html,41.05
Night Sky with Exit ...,http://books.toscrape.com/catalogue/night-sky-with-exit-wounds_822/index.html,46.78
salt.,http://books.toscrape.com/catalogue/salt_731/index.html,50.89
Quarter Life Poetry: Poems ...,http://books.toscrape.com/catalogue/quarter-life-poetry-poems-for-the-young-broke-and-hangry_727/index.html,53.64
Out of Print: City ...,http://books.toscrape.com/catalogue/out-of-print-city-lights-spotlight-no-14_536/index.html,29.04
Les Fleurs du Mal,http://books.toscrape.com/catalogue/les-fleurs-du-mal_530/index.html,40.45
Howl and Other Poems,http://books.toscrape.com/catalogue/howl-and-other-poems_522/index.html,51.17
Leave This Song Behind: ...,http://books.toscrape.com/catalogue/leave-this-song-behind-teen-poetry-at-its-best_474/index.html,15.42
The Collected Poems of ...,http://books.toscrape.com/catalogue/the-collected-poems-of-wb-yeats-the-collected-works-of-wb-yeats-1_441/index.html,38.77
The Crossover,http://books.toscrape.com/catalogue/the-crossover_398/index.html,17.49
Booked,http://books.toscrape.com/catalogue/booked_365/index.html,30.95
Redeeming Love,http://books.toscrape.com/catalogue/redeeming-love_826/index.html,49.46
Close to You,http://books.toscrape.com/catalogue/close-to-you_798/index.html,39.67
Shadows of the Past ...,http://books.toscrape.com/catalogue/shadows-of-the-past-logan-point-1_541/index.html,28.77
Like Never Before (Walker ...,http://books.toscrape.com/catalogue/like-never-before-walker-family-2_476/index.html,17.97
Counted With the Stars ...,http://books.toscrape.com/catalogue/counted-with-the-stars-out-from-egypt-1_463/index.html,49.97
The Dirty Little Secrets ...,http://books.toscrape.com/catalogue/the-dirty-little-secrets-of-getting-your-dream-job_994/index.html,12.61
The Third Wave: An ...,http://books.toscrape.com/catalogue/the-third-wave-an-entrepreneurs-vision-of-the-future_862/index.html,27.55
The 10% Entrepreneur: Live ...,http://books.toscrape.com/catalogue/the-10-entrepreneur-live-your-startup-dream-without-quitting-your-day-job_836/index.html,23.99
Shoe Dog: A Memoir ...,http://books.toscrape.com/catalogue/shoe-dog-a-memoir-by-the-creator-of-nike_831/index.html,38.85
Made to Stick: Why ...,http://books.toscrape.com/catalogue/made-to-stick-why-some-ideas-survive-and-others-die_715/index.html,43.14
Quench Your Own Thirst: ...,http://books.toscrape.com/catalogue/quench-your-own-thirst-business-lessons-learned-over-a-beer-or-two_629/index.html,21.00
The Art of Startup ...,http://books.toscrape.com/catalogue/the-art-of-startup-fundraising_606/index.html,21.59
Born for This: How ...,http://books.toscrape.com/catalogue/born-for-this-how-to-find-the-work-you-were-meant-to-do_588/index.html,36.91
The E-Myth Revisited: Why ...,http://books.toscrape.com/catalogue/the-e-myth-revisited-why-most-small-businesses-dont-work-and-what-to-do-about-it_545/index.html,51.74
"Rich Dad, Poor Dad",http://books.toscrape.com/catalogue/rich-dad-poor-dad_483/index.html,33.92
The Lean Startup: How ...,http://books.toscrape.com/catalogue/the-lean-startup-how-todays-entrepreneurs-use-continuous-innovation-to-create-radically-successful-businesses_260/index.html,44.88
The Long Haul (Diary ...,http://books.toscrape.com/catalogue/the-long-haul-diary-of-a-wimpy-kid-9_757/index.html,11.83
Old School (Diary of ...,http://books.toscrape.com/catalogue/old-school-diary-of-a-wimpy-kid-10_723/index.html,25.98
I Know What I'm ...,http://books.toscrape.com/catalogue/i-know-what-im-doing-and-other-lies-i-tell-myself-dispatches-from-a-life-under-construction_704/index.html,14.75
Hyperbole and a Half: ...,http://books.toscrape.com/catalogue/hyperbole-and-a-half-unfortunate-situations-flawed-coping-mechanisms-mayhem-and-other-things-that-happened_702/index.html,43.68
Dress Your Family in ...,http://books.toscrape.com/catalogue/dress-your-family-in-corduroy-and-denim_562/index.html,25.55
Toddlers Are A**holes: It's ...,http://books.toscrape.com/catalogue/toddlers-are-aholes-its-not-your-fault_503/index.html,30.89
When You Are Engulfed ...,http://books.toscrape.com/catalogue/when-you-are-engulfed-in-flames_303/index.html,31.69
Naked,http://books.toscrape.com/catalogue/naked_197/index.html,55.50
Lamb: The Gospel According ...,http://books.toscrape.com/catalogue/lamb-the-gospel-according-to-biff-christs-childhood-pal_182/index.html,51.07
Security,http://books.toscrape.com/catalogue/security_925/index.html,21.36
Follow You Home,http://books.toscrape.com/catalogue/follow-you-home_809/index.html,23.40
The Loney,http://books.toscrape.com/catalogue/the-loney_756/index.html,10.56
Pet Sematary,http://books.toscrape.com/catalogue/pet-sematary_726/index.html,40.12
Doctor Sleep (The Shining ...,http://books.toscrape.com/catalogue/doctor-sleep-the-shining-2_686/index.html,36.97
Psycho: Sanitarium (Psycho #1.5),http://books.toscrape.com/catalogue/psycho-sanitarium-psycho-15_628/index.html,48.64
Can You Keep a ...,http://books.toscrape.com/catalogue/can-you-keep-a-secret-fear-street-relaunch-4_614/index.html,23.37
Red Dragon (Hannibal Lecter ...,http://books.toscrape.com/catalogue/red-dragon-hannibal-lecter-1_390/index.html,35.63
Dracula the Un-Dead,http://books.toscrape.com/catalogue/dracula-the-un-dead_370/index.html,12.75
Night Shift (Night Shift ...,http://books.toscrape.com/catalogue/night-shift-night-shift-1-20_335/index.html,47.51
Needful Things,http://books.toscrape.com/catalogue/needful-things_334/index.html,34.79
Misery,http://books.toscrape.com/catalogue/misery_332/index.html,25.01
It,http://books.toscrape.com/catalogue/it_330/index.html,49.56
'Salem's Lot,http://books.toscrape.com/catalogue/salems-lot_309/index.html,57.86
The Stand,http://books.toscrape.com/catalogue/the-stand_282/index.html,49.47
The Girl with All ...,http://books.toscrape.com/catalogue/the-girl-with-all-the-gifts_250/index.html,54.89
Sapiens: A Brief History ...,http://books.toscrape.com/catalogue/sapiens-a-brief-history-of-humankind_996/index.html,25.52
Unbound: How Eight Technologies ...,http://books.toscrape.com/catalogue/unbound-how-eight-technologies-made-us-human-transformed-society-and-brought-our-world-to-the-brink_950/index.html,19.73
The Age of Genius: ...,http://books.toscrape.com/catalogue/the-age-of-genius-the-seventeenth-century-and-the-birth-of-the-modern-mind_929/index.html,36.28
"Political Suicide: Missteps, Peccadilloes, ...",http://books.toscrape.com/catalogue/political-suicide-missteps-peccadilloes-bad-calls-backroom-hijinx-sordid-pasts-rotten-breaks-and-just-plain-dumb-mistakes-in-the-annals-of-american-politics_917/index.html,59.64
Thomas Jefferson and the ...,http://books.toscrape.com/catalogue/thomas-jefferson-and-the-tripoli-pirates-the-forgotten-war-that-changed-american-history_867/index.html,24.70
Zealot: The Life and ...,http://books.toscrape.com/catalogue/zealot-the-life-and-times-of-jesus-of-nazareth_785/index.html,14.58
A Distant Mirror: The ...,http://books.toscrape.com/catalogue/a-distant-mirror-the-calamitous-14th-century_652/index.html,21.80
1491: New Revelations of ...,http://books.toscrape.com/catalogue/1491-new-revelations-of-the-americas-before-columbus_650/index.html,11.45
Brilliant Beacons: A History ...,http://books.toscrape.com/catalogue/brilliant-beacons-a-history-of-the-american-lighthouse_515/index.html,44.48
"""Most Blessed of the ...",http://books.toscrape.com/catalogue/most-blessed-of-the-patriarchs-thomas-jefferson-and-the-empire-of-the-imagination_509/index.html,52.40
A Short History of ...,http://books.toscrape.com/catalogue/a-short-history-of-nearly-everything_457/index.html,39.67
The Rise and Fall ...,http://books.toscrape.com/catalogue/the-rise-and-fall-of-the-third-reich-a-history-of-nazi-germany_454/index.html,58.55
Catherine the Great: Portrait ...,http://books.toscrape.com/catalogue/catherine-the-great-portrait-of-a-woman_424/index.html,42.91
The Mathews Men: Seven ...,http://books.toscrape.com/catalogue/the-mathews-men-seven-brothers-and-the-war-against-hitlers-u-boats_408/index.html,55.91
The Hiding Place,http://books.toscrape.com/catalogue/the-hiding-place_406/index.html,51.22
America's War for the ...,http://books.toscrape.com/catalogue/americas-war-for-the-greater-middle-east-a-military-history_361/index.html,14.54
The Guns of August,http://books.toscrape.com/catalogue/the-guns-of-august_254/index.html,43.70
Foolproof Preserving: A Guide ...,http://books.toscrape.com/catalogue/foolproof-preserving-a-guide-to-small-batch-jams-jellies-pickles-condiments-and-more-a-foolproof-guide-to-making-small-batch-jams-jellies-pickles-condiments-and-more_978/index.html,56.41
The Pioneer Woman Cooks: ...,http://books.toscrape.com/catalogue/the-pioneer-woman-cooks-dinnertime-comfort-classics-freezer-food-16-minute-meals-and-other-delicious-ways-to-solve-supper_943/index.html,33.37
My Paris Kitchen: Recipes ...,http://books.toscrape.com/catalogue/my-paris-kitchen-recipes-and-stories_910/index.html,14.02
Mama Tried: Traditional Italian ...,http://books.toscrape.com/catalogue/mama-tried-traditional-italian-cooking-for-the-screwed-crude-vegan-and-tattooed_908/index.html,40.11
"Layered: Baking, Building, and ...",http://books.toscrape.com/catalogue/layered-baking-building-and-styling-spectacular-cakes_904/index.html,37.34
The Nerdy Nummies Cookbook: ...,http://books.toscrape.com/catalogue/the-nerdy-nummies-cookbook-sweet-treats-for-the-geek-in-all-of-us_853/index.html,37.60
The Love and Lemons ...,http://books.toscrape.com/catalogue/the-love-and-lemons-cookbook-an-apple-to-zucchini-celebration-of-impromptu-cooking_849/index.html,41.25
The Cookies & Cups ...,http://books.toscrape.com/catalogue/the-cookies-cups-cookbook-125-sweet-savory-recipes-reminding-you-to-always-eat-dessert-first_841/index.html,42.16
Deliciously Ella Every Day: ...,http://books.toscrape.com/catalogue/deliciously-ella-every-day-quick-and-easy-recipes-for-gluten-free-snacks-packed-lunches-and-simple-meals_801/index.html,28.77
The Help Yourself Cookbook ...,http://books.toscrape.com/catalogue/the-help-yourself-cookbook-for-kids-60-easy-plant-based-recipes-kids-can-make-to-stay-healthy-and-save-the-earth_751/index.html,19.55
"It's All Easy: Healthy, ...",http://books.toscrape.com/catalogue/its-all-easy-healthy-delicious-weeknight-meals-in-under-30-minutes_706/index.html,28.01
Barefoot Contessa Back to ...,http://books.toscrape.com/catalogue/barefoot-contessa-back-to-basics_667/index.html,50.62
Barefoot Contessa at Home: ...,http://books.toscrape.com/catalogue/barefoot-contessa-at-home-everyday-recipes-youll-make-over-and-over-again_666/index.html,11.53
My Kitchen Year: 136 ...,http://books.toscrape.com/catalogue/my-kitchen-year-136-recipes-that-saved-my-life_646/index.html,20.10
Everyday Italian: 125 Simple ...,http://books.toscrape.com/catalogue/everyday-italian-125-simple-and-delicious-recipes_618/index.html,38.77
A la Mode: 120 ...,http://books.toscrape.com/catalogue/a-la-mode-120-recipes-in-60-pairings-pies-tarts-cakes-crisps-and-more-topped-with-ice-cream-gelato-frozen-custard-and-more_611/index.html,20.50
Cravings: Recipes for What ...,http://books.toscrape.com/catalogue/cravings-recipes-for-what-you-want-to-eat_589/index.html,12.34
The Moosewood Cookbook: Recipes ...,http://books.toscrape.com/catalogue/the-moosewood-cookbook-recipes-from-moosewood-restaurant-ithaca-new-york_574/index.html,53.63
32 Yolks,http://books.toscrape.com/catalogue/32-yolks_510/index.html,11.38
Louisa: The Extraordinary Life ...,http://books.toscrape.com/catalogue/louisa-the-extraordinary-life-of-mrs-adams_818/index.html,21.15
Setting the World on ...,http://books.toscrape.com/catalogue/setting-the-world-on-fire-the-brief-astonishing-life-of-st-catherine-of-siena_603/index.html,39.55
The Faith of Christopher ...,http://books.toscrape.com/catalogue/the-faith-of-christopher-hitchens-the-restless-soul-of-the-worlds-most-notorious-atheist_495/index.html,48.19
Benjamin Franklin: An American ...,http://books.toscrape.com/catalogue/benjamin-franklin-an-american-life_460/index.html,42.57
In Her Wake,http://books.toscrape.com/catalogue/in-her-wake_980/index.html,23.82
The Elephant Tree,http://books.toscrape.com/catalogue/the-elephant-tree_968/index.html,52.22
Behind Closed Doors,http://books.toscrape.com/catalogue/behind-closed-doors_962/index.html,43.61
You (You #1),http://books.toscrape.com/catalogue/you-you-1_784/index.html,13.82
The Guilty (Will Robie ...,http://books.toscrape.com/catalogue/the-guilty-will-robie-4_750/index.html,39.24
The 14th Colony (Cotton ...,http://books.toscrape.com/catalogue/the-14th-colony-cotton-malone-11_744/index.html,18.32
Give It Back,http://books.toscrape.com/catalogue/give-it-back_430/index.html,31.49
Killing Floor (Jack Reacher ...,http://books.toscrape.com/catalogue/killing-floor-jack-reacher-1_382/index.html,59.71
The Bone Hunters (Lexy ...,http://books.toscrape.com/catalogue/the-bone-hunters-lexy-vaughan-steven-macaulay-2_343/index.html,34.93
Far From True (Promise ...,http://books.toscrape.com/catalogue/far-from-true-promise-falls-trilogy-2_320/index.html,15.77
When We Collided,http://books.toscrape.com/catalogue/when-we-collided_955/index.html,52.79
Someone Like You (The ...,http://books.toscrape.com/catalogue/someone-like-you-the-harrisons-2_735/index.html,24.04
The Four Agreements: A ...,http://books.toscrape.com/catalogue/the-four-agreements-a-practical-guide-to-personal-freedom_970/index.html,32.24
The Activist's Tao Te ...,http://books.toscrape.com/catalogue/the-activists-tao-te-ching-ancient-advice-for-a-modern-revolution_928/index.html,37.80
Chasing Heaven: What Dying ...,http://books.toscrape.com/catalogue/chasing-heaven-what-dying-taught-me-about-living_797/index.html,20.91
If I Gave You ...,http://books.toscrape.com/catalogue/if-i-gave-you-gods-phone-number-searching-for-spirituality-in-america_564/index.html,46.33
Unreasonable Hope: Finding Faith ...,http://books.toscrape.com/catalogue/unreasonable-hope-finding-faith-in-the-god-who-brings-purpose-to-your-pain_505/index.html,55.65
Online Marketing for Busy ...,http://books.toscrape.com/catalogue/online-marketing-for-busy-authors-a-step-by-step-guide_913/index.html,46.03
How to Be Miserable: ...,http://books.toscrape.com/catalogue/how-to-be-miserable-40-strategies-you-already-use_897/index.html,52.15
"Overload: How to Unplug, ...",http://books.toscrape.com/catalogue/overload-how-to-unplug-unwind-and-unleash-yourself-from-the-pressure-of-stress_725/index.html,12.08
You Are a Badass: ...,http://books.toscrape.com/catalogue/you-are-a-badass-how-to-stop-doubting-your-greatness-and-start-living-an-awesome-life_508/index.html,46.49
All the Light We ...,http://books.toscrape.com/catalogue/all-the-light-we-cannot-see_660/index.html,15.79
(Un)Qualified: How God Uses ...,http://books.toscrape.com/catalogue/unqualified-how-god-uses-broken-people-to-do-big-things_873/index.html,47.72
Crazy Love: Overwhelmed by ...,http://books.toscrape.com/catalogue/crazy-love-overwhelmed-by-a-relentless-god_682/index.html,25.77
The Bulletproof Diet: Lose ...,http://books.toscrape.com/catalogue/the-bulletproof-diet-lose-up-to-a-pound-a-day-reclaim-energy-and-focus-upgrade-your-life_931/index.html,54.07
"Eat Fat, Get Thin",http://books.toscrape.com/catalogue/eat-fat-get-thin_688/index.html,49.71
10-Day Green Smoothie Cleanse: ...,http://books.toscrape.com/catalogue/10-day-green-smoothie-cleanse-lose-up-to-15-pounds-in-10-days_581/index.html,52.98
Libertarianism for Beginners,http://books.toscrape.com/catalogue/libertarianism-for-beginners_982/index.html,52.65
Why the Right Went ...,http://books.toscrape.com/catalogue/why-the-right-went-wrong-conservatism-from-goldwater-to-the-tea-party-and-beyond_781/index.html,56.86
